Column1;Column2;Column3;Column4;Column5;Column6;Column7;Column8;Column9;Column10;Column11;Column12;Column13;Column14;Column15;Column16;Column17;Column18;Column19;Column20;Column21
BehaviorSpace results (NetLogo 6.2.2);;;;;;;;;;;;;;;;;;;;
IIA_2223_TP1.nlogo;;;;;;;;;;;;;;;;;;;;
Experimento5.2;;;;;;;;;;;;;;;;;;;;
10/28/2022 16:53:40:699 +0100;;;;;;;;;;;;;;;;;;;;
min-pxcor;max-pxcor;min-pycor;max-pycor;;;;;;;;;;;;;;;;;
-16;16;-16;16;;;;;;;;;;;;;;;;;
[run number];1;1;2;2;3;3;4;4;5;5;6;6;7;7;8;8;9;9;10;10
alimentoVerde;10;;10;;10;;10;;10;;10;;10;;10;;10;;10;
TipoModelo;Base;;Base;;Base;;Base;;Base;;Base;;Base;;Base;;Base;;Base;
nAbrigos;1;;1;;1;;1;;1;;1;;1;;1;;1;;1;
nExperts;25;;25;;25;;25;;25;;25;;25;;25;;25;;25;
nArmadilhas;2;;2;;2;;2;;2;;2;;2;;2;;2;;2;
alimentoAmarelo;3;;3;;3;;3;;3;;3;;3;;3;;3;;3;
nBasics;0;;0;;0;;0;;0;;0;;0;;0;;0;;0;
nDestruidoresAbrigos;1;;1;;1;;1;;1;;1;;1;;1;;1;;1;
[reporter];count experts;ticks;count experts;ticks;count experts;ticks;count experts;ticks;count experts;ticks;count experts;ticks;count experts;ticks;count experts;ticks;count experts;ticks;count experts;ticks
[final];1;1000;3;1000;3;1000;6;1000;3;1000;2;1000;2;1000;0;1000;4;1000;2;1000
[min];1;0;3;0;3;0;6;0;3;0;2;0;2;0;0;0;4;0;2;0
[max];25;1000;25;1000;25;1000;25;1000;25;1000;25;1000;25;1000;25;1000;25;1000;25;1000
[mean];4.77022977022977;500;7.150849150849151;500;5.763236763236764;500;8.966033966033965;500;5.308691308691309;500;5.582417582417582;500;3.5404595404595405;500;2.7322677322677325;500;6.734265734265734;500;5.402597402597403;500
[steps];1000;1000;1000;1000;1000;1000;1000;1000;1000;1000;1000;1000;1000;1000;1000;1000;1000;1000;1000;1000
;;;;;;;;;;;;;;;;;;;;
[all run data];count experts;ticks;count experts;ticks;count experts;ticks;count experts;ticks;count experts;ticks;count experts;ticks;count experts;ticks;count experts;ticks;count experts;ticks;count experts;ticks
;25;0;25;0;25;0;25;0;25;0;25;0;25;0;25;0;25;0;25;0
;25;1;25;1;25;1;25;1;25;1;25;1;25;1;25;1;25;1;25;1
;25;2;24;2;24;2;25;2;25;2;25;2;24;2;23;2;25;2;24;2
;25;3;24;3;23;3;25;3;25;3;25;3;24;3;22;3;25;3;24;3
;25;4;24;4;23;4;25;4;25;4;25;4;24;4;22;4;25;4;24;4
;25;5;24;5;23;5;25;5;25;5;23;5;24;5;22;5;25;5;24;5
;24;6;24;6;23;6;25;6;25;6;23;6;24;6;22;6;25;6;24;6
;24;7;24;7;22;7;25;7;25;7;23;7;24;7;22;7;25;7;23;7
;23;8;24;8;22;8;24;8;25;8;23;8;23;8;21;8;24;8;23;8
;23;9;23;9;22;9;24;9;25;9;23;9;23;9;21;9;24;9;23;9
;23;10;23;10;21;10;24;10;25;10;23;10;23;10;21;10;24;10;22;10
;23;11;23;11;21;11;24;11;24;11;23;11;23;11;21;11;24;11;21;11
;23;12;23;12;21;12;24;12;24;12;23;12;21;12;21;12;24;12;21;12
;23;13;23;13;21;13;23;13;24;13;22;13;21;13;21;13;24;13;20;13
;23;14;23;14;21;14;22;14;24;14;22;14;21;14;20;14;23;14;20;14
;23;15;23;15;21;15;22;15;24;15;22;15;21;15;20;15;23;15;20;15
;23;16;23;16;21;16;22;16;24;16;22;16;21;16;20;16;23;16;20;16
;23;17;23;17;21;17;21;17;24;17;22;17;20;17;19;17;23;17;20;17
;22;18;23;18;21;18;21;18;24;18;22;18;20;18;18;18;23;18;20;18
;22;19;23;19;21;19;21;19;23;19;22;19;20;19;18;19;22;19;19;19
;22;20;23;20;21;20;21;20;23;20;22;20;20;20;18;20;21;20;19;20
;21;21;23;21;21;21;21;21;22;21;22;21;20;21;18;21;21;21;19;21
;21;22;22;22;21;22;21;22;21;22;22;22;18;22;17;22;21;22;19;22
;21;23;22;23;21;23;21;23;20;23;22;23;18;23;17;23;20;23;18;23
;20;24;22;24;21;24;21;24;20;24;22;24;18;24;17;24;20;24;18;24
;20;25;22;25;21;25;21;25;20;25;22;25;18;25;17;25;19;25;17;25
;20;26;22;26;21;26;21;26;20;26;21;26;17;26;17;26;19;26;17;26
;20;27;21;27;21;27;21;27;20;27;21;27;17;27;17;27;19;27;17;27
;20;28;21;28;21;28;21;28;20;28;21;28;15;28;17;28;19;28;16;28
;20;29;21;29;21;29;21;29;20;29;21;29;15;29;15;29;19;29;15;29
;20;30;21;30;21;30;21;30;20;30;21;30;15;30;13;30;19;30;15;30
;20;31;21;31;21;31;21;31;20;31;21;31;15;31;13;31;19;31;14;31
;20;32;21;32;21;32;21;32;20;32;21;32;15;32;12;32;19;32;13;32
;20;33;21;33;21;33;20;33;20;33;21;33;15;33;12;33;19;33;13;33
;20;34;21;34;21;34;20;34;20;34;20;34;15;34;12;34;18;34;13;34
;19;35;21;35;21;35;20;35;20;35;19;35;15;35;12;35;18;35;13;35
;18;36;21;36;21;36;20;36;20;36;19;36;14;36;12;36;17;36;13;36
;18;37;21;37;21;37;20;37;20;37;19;37;13;37;11;37;17;37;13;37
;18;38;20;38;21;38;19;38;20;38;19;38;13;38;11;38;17;38;13;38
;18;39;20;39;21;39;19;39;20;39;19;39;13;39;11;39;17;39;13;39
;18;40;20;40;21;40;19;40;20;40;19;40;13;40;11;40;17;40;13;40
;17;41;20;41;21;41;19;41;18;41;18;41;12;41;11;41;17;41;13;41
;17;42;20;42;21;42;19;42;18;42;18;42;12;42;11;42;17;42;13;42
;16;43;20;43;21;43;19;43;18;43;18;43;12;43;11;43;16;43;13;43
;16;44;20;44;21;44;19;44;17;44;17;44;12;44;11;44;16;44;13;44
;15;45;20;45;21;45;19;45;17;45;17;45;12;45;11;45;16;45;13;45
;15;46;20;46;20;46;19;46;17;46;17;46;12;46;11;46;16;46;13;46
;15;47;20;47;20;47;19;47;17;47;17;47;12;47;11;47;15;47;13;47
;15;48;20;48;20;48;19;48;17;48;17;48;12;48;10;48;15;48;13;48
;15;49;20;49;19;49;19;49;17;49;17;49;12;49;10;49;15;49;13;49
;15;50;20;50;19;50;19;50;17;50;17;50;12;50;9;50;15;50;13;50
;15;51;20;51;18;51;19;51;17;51;17;51;12;51;9;51;15;51;13;51
;15;52;20;52;18;52;19;52;17;52;17;52;11;52;9;52;15;52;13;52
;14;53;18;53;18;53;19;53;17;53;17;53;11;53;9;53;15;53;13;53
;14;54;18;54;18;54;19;54;17;54;17;54;11;54;9;54;15;54;13;54
;14;55;18;55;18;55;19;55;17;55;16;55;11;55;9;55;15;55;13;55
;14;56;18;56;18;56;19;56;17;56;16;56;11;56;9;56;15;56;13;56
;14;57;18;57;18;57;18;57;17;57;16;57;11;57;9;57;15;57;13;57
;14;58;18;58;18;58;18;58;17;58;16;58;11;58;9;58;15;58;13;58
;14;59;18;59;18;59;18;59;17;59;16;59;11;59;9;59;15;59;13;59
;14;60;18;60;18;60;18;60;17;60;16;60;11;60;8;60;14;60;13;60
;14;61;18;61;18;61;18;61;17;61;16;61;11;61;8;61;14;61;13;61
;14;62;18;62;18;62;18;62;17;62;16;62;11;62;8;62;13;62;13;62
;14;63;18;63;18;63;18;63;17;63;16;63;11;63;8;63;13;63;13;63
;14;64;18;64;17;64;18;64;17;64;16;64;10;64;8;64;13;64;13;64
;14;65;18;65;17;65;18;65;17;65;16;65;10;65;8;65;13;65;13;65
;14;66;17;66;17;66;18;66;17;66;16;66;10;66;8;66;13;66;13;66
;14;67;17;67;17;67;18;67;16;67;16;67;10;67;8;67;13;67;13;67
;14;68;17;68;16;68;18;68;16;68;16;68;10;68;8;68;13;68;12;68
;14;69;17;69;16;69;18;69;16;69;16;69;10;69;8;69;13;69;12;69
;14;70;17;70;16;70;18;70;16;70;16;70;9;70;8;70;13;70;12;70
;14;71;17;71;16;71;18;71;16;71;16;71;9;71;8;71;13;71;12;71
;14;72;17;72;15;72;18;72;16;72;16;72;9;72;8;72;13;72;12;72
;14;73;17;73;15;73;18;73;16;73;15;73;8;73;8;73;13;73;11;73
;14;74;17;74;15;74;18;74;16;74;15;74;8;74;8;74;13;74;11;74
;14;75;16;75;15;75;18;75;16;75;15;75;8;75;8;75;12;75;11;75
;14;76;16;76;15;76;18;76;16;76;15;76;8;76;8;76;12;76;11;76
;14;77;16;77;14;77;18;77;14;77;15;77;8;77;8;77;12;77;11;77
;14;78;16;78;14;78;18;78;14;78;15;78;8;78;8;78;12;78;11;78
;14;79;16;79;14;79;18;79;14;79;15;79;8;79;8;79;12;79;11;79
;14;80;16;80;14;80;18;80;14;80;15;80;8;80;8;80;12;80;11;80
;14;81;16;81;14;81;18;81;14;81;15;81;8;81;8;81;12;81;11;81
;14;82;16;82;14;82;17;82;14;82;15;82;8;82;6;82;12;82;11;82
;14;83;16;83;14;83;17;83;14;83;15;83;8;83;6;83;12;83;11;83
;14;84;16;84;14;84;17;84;14;84;15;84;8;84;6;84;12;84;11;84
;13;85;16;85;14;85;17;85;14;85;15;85;8;85;6;85;12;85;10;85
;13;86;15;86;14;86;17;86;14;86;15;86;8;86;6;86;12;86;10;86
;13;87;15;87;14;87;17;87;14;87;15;87;8;87;6;87;12;87;10;87
;13;88;15;88;14;88;17;88;14;88;15;88;8;88;6;88;12;88;10;88
;13;89;15;89;14;89;17;89;13;89;14;89;8;89;6;89;12;89;10;89
;13;90;15;90;13;90;17;90;13;90;14;90;8;90;6;90;12;90;10;90
;13;91;15;91;13;91;17;91;13;91;14;91;8;91;6;91;12;91;10;91
;13;92;15;92;13;92;16;92;13;92;14;92;8;92;6;92;12;92;10;92
;13;93;15;93;13;93;16;93;13;93;14;93;8;93;6;93;12;93;10;93
;13;94;15;94;13;94;16;94;13;94;14;94;8;94;6;94;12;94;10;94
;13;95;15;95;13;95;16;95;13;95;14;95;8;95;6;95;12;95;10;95
;13;96;15;96;13;96;16;96;13;96;14;96;8;96;6;96;12;96;10;96
;13;97;15;97;13;97;16;97;13;97;13;97;8;97;6;97;12;97;10;97
;13;98;15;98;13;98;16;98;13;98;13;98;8;98;6;98;12;98;10;98
;13;99;15;99;13;99;16;99;13;99;13;99;8;99;6;99;12;99;10;99
;13;100;15;100;13;100;16;100;13;100;13;100;8;100;6;100;12;100;10;100
;13;101;15;101;13;101;16;101;13;101;13;101;8;101;6;101;12;101;10;101
;13;102;15;102;13;102;16;102;13;102;13;102;8;102;6;102;12;102;10;102
;13;103;15;103;13;103;16;103;13;103;13;103;8;103;6;103;11;103;9;103
;13;104;15;104;13;104;16;104;12;104;13;104;8;104;6;104;11;104;9;104
;13;105;14;105;13;105;16;105;12;105;13;105;8;105;6;105;11;105;9;105
;13;106;14;106;13;106;16;106;12;106;13;106;8;106;6;106;11;106;9;106
;13;107;14;107;13;107;16;107;12;107;13;107;8;107;6;107;11;107;9;107
;13;108;14;108;13;108;16;108;12;108;13;108;7;108;6;108;11;108;9;108
;13;109;14;109;13;109;16;109;12;109;13;109;7;109;6;109;11;109;9;109
;13;110;14;110;12;110;16;110;12;110;13;110;6;110;6;110;11;110;9;110
;13;111;14;111;11;111;16;111;11;111;13;111;6;111;6;111;11;111;9;111
;13;112;14;112;11;112;16;112;11;112;13;112;6;112;6;112;11;112;9;112
;13;113;14;113;11;113;16;113;11;113;13;113;6;113;6;113;10;113;9;113
;13;114;14;114;11;114;16;114;10;114;12;114;6;114;6;114;10;114;9;114
;13;115;14;115;10;115;16;115;10;115;12;115;6;115;6;115;10;115;9;115
;12;116;14;116;10;116;15;116;10;116;12;116;6;116;6;116;10;116;9;116
;12;117;14;117;10;117;15;117;9;117;10;117;6;117;6;117;10;117;9;117
;12;118;14;118;10;118;15;118;9;118;10;118;6;118;6;118;10;118;9;118
;11;119;14;119;10;119;15;119;9;119;10;119;6;119;6;119;10;119;9;119
;11;120;14;120;10;120;15;120;9;120;10;120;6;120;6;120;10;120;9;120
;11;121;14;121;10;121;15;121;9;121;10;121;6;121;6;121;10;121;9;121
;11;122;14;122;10;122;14;122;9;122;10;122;6;122;6;122;10;122;9;122
;11;123;14;123;10;123;14;123;9;123;10;123;6;123;6;123;10;123;9;123
;11;124;14;124;10;124;14;124;9;124;9;124;6;124;5;124;10;124;9;124
;11;125;14;125;10;125;14;125;8;125;9;125;6;125;5;125;10;125;9;125
;11;126;14;126;10;126;14;126;8;126;9;126;6;126;5;126;10;126;9;126
;11;127;14;127;10;127;13;127;8;127;9;127;6;127;5;127;10;127;9;127
;11;128;13;128;10;128;13;128;8;128;9;128;6;128;5;128;9;128;9;128
;11;129;13;129;10;129;12;129;8;129;9;129;5;129;5;129;9;129;9;129
;11;130;13;130;10;130;12;130;8;130;9;130;4;130;5;130;9;130;9;130
;11;131;13;131;10;131;12;131;8;131;8;131;4;131;5;131;9;131;9;131
;11;132;13;132;10;132;12;132;8;132;8;132;4;132;4;132;9;132;9;132
;10;133;12;133;10;133;12;133;8;133;8;133;4;133;4;133;9;133;9;133
;10;134;12;134;10;134;12;134;8;134;8;134;4;134;4;134;9;134;9;134
;10;135;12;135;10;135;12;135;8;135;8;135;4;135;4;135;9;135;9;135
;10;136;12;136;10;136;12;136;8;136;8;136;4;136;4;136;9;136;9;136
;10;137;12;137;10;137;12;137;8;137;8;137;4;137;4;137;9;137;9;137
;10;138;12;138;10;138;12;138;8;138;8;138;4;138;4;138;9;138;9;138
;9;139;12;139;10;139;12;139;8;139;8;139;4;139;4;139;9;139;9;139
;9;140;12;140;10;140;12;140;8;140;8;140;4;140;4;140;9;140;9;140
;9;141;12;141;10;141;12;141;8;141;8;141;4;141;4;141;8;141;9;141
;9;142;12;142;10;142;12;142;8;142;8;142;4;142;4;142;8;142;9;142
;9;143;12;143;10;143;12;143;8;143;8;143;4;143;4;143;8;143;9;143
;9;144;12;144;10;144;12;144;8;144;8;144;4;144;4;144;8;144;9;144
;9;145;12;145;10;145;12;145;8;145;8;145;4;145;4;145;8;145;9;145
;8;146;12;146;10;146;12;146;8;146;8;146;4;146;4;146;8;146;9;146
;8;147;12;147;10;147;11;147;8;147;8;147;4;147;4;147;8;147;9;147
;8;148;12;148;10;148;11;148;8;148;8;148;4;148;4;148;8;148;9;148
;8;149;12;149;10;149;11;149;8;149;8;149;4;149;4;149;8;149;9;149
;8;150;12;150;10;150;11;150;8;150;8;150;4;150;4;150;8;150;9;150
;8;151;12;151;10;151;11;151;8;151;8;151;4;151;4;151;8;151;9;151
;8;152;12;152;10;152;11;152;8;152;8;152;4;152;4;152;8;152;9;152
;8;153;12;153;10;153;11;153;8;153;8;153;4;153;4;153;8;153;9;153
;8;154;12;154;9;154;11;154;8;154;8;154;4;154;4;154;8;154;9;154
;8;155;12;155;9;155;11;155;8;155;8;155;4;155;4;155;8;155;9;155
;8;156;12;156;9;156;11;156;8;156;8;156;4;156;4;156;8;156;9;156
;8;157;12;157;9;157;11;157;8;157;8;157;4;157;4;157;8;157;9;157
;8;158;12;158;9;158;11;158;8;158;8;158;4;158;4;158;8;158;9;158
;8;159;12;159;8;159;11;159;8;159;8;159;4;159;4;159;8;159;9;159
;8;160;12;160;8;160;11;160;8;160;8;160;4;160;4;160;8;160;9;160
;8;161;12;161;8;161;11;161;8;161;7;161;4;161;4;161;8;161;9;161
;8;162;12;162;8;162;11;162;8;162;7;162;4;162;4;162;8;162;9;162
;8;163;12;163;8;163;11;163;8;163;7;163;4;163;4;163;8;163;9;163
;8;164;12;164;8;164;11;164;8;164;7;164;4;164;4;164;8;164;9;164
;8;165;12;165;8;165;11;165;8;165;7;165;4;165;4;165;8;165;9;165
;8;166;12;166;8;166;11;166;8;166;7;166;4;166;4;166;8;166;9;166
;8;167;12;167;8;167;11;167;8;167;7;167;4;167;4;167;8;167;9;167
;8;168;12;168;8;168;11;168;8;168;7;168;4;168;4;168;8;168;9;168
;8;169;12;169;8;169;11;169;8;169;7;169;4;169;4;169;8;169;9;169
;8;170;12;170;8;170;11;170;8;170;7;170;4;170;3;170;8;170;9;170
;8;171;12;171;8;171;11;171;8;171;7;171;4;171;3;171;8;171;9;171
;8;172;12;172;8;172;11;172;8;172;7;172;4;172;3;172;8;172;9;172
;8;173;12;173;8;173;11;173;7;173;7;173;4;173;2;173;8;173;9;173
;8;174;12;174;8;174;11;174;7;174;7;174;4;174;2;174;8;174;9;174
;8;175;12;175;8;175;11;175;7;175;7;175;4;175;2;175;8;175;9;175
;8;176;12;176;8;176;11;176;7;176;7;176;4;176;2;176;8;176;9;176
;8;177;12;177;8;177;11;177;7;177;7;177;4;177;2;177;8;177;9;177
;8;178;12;178;8;178;11;178;6;178;7;178;4;178;2;178;8;178;9;178
;8;179;12;179;8;179;11;179;6;179;7;179;4;179;2;179;8;179;9;179
;8;180;12;180;8;180;11;180;6;180;7;180;4;180;2;180;8;180;9;180
;8;181;12;181;8;181;11;181;6;181;7;181;4;181;2;181;8;181;9;181
;8;182;12;182;8;182;11;182;6;182;7;182;4;182;2;182;8;182;9;182
;8;183;12;183;8;183;11;183;6;183;7;183;4;183;2;183;8;183;9;183
;8;184;12;184;8;184;11;184;6;184;7;184;4;184;2;184;8;184;9;184
;8;185;12;185;8;185;11;185;6;185;7;185;4;185;2;185;8;185;9;185
;8;186;12;186;8;186;11;186;6;186;7;186;4;186;2;186;8;186;9;186
;8;187;12;187;8;187;11;187;6;187;7;187;4;187;2;187;8;187;9;187
;8;188;12;188;8;188;11;188;6;188;7;188;4;188;2;188;8;188;9;188
;8;189;12;189;8;189;11;189;6;189;7;189;4;189;2;189;8;189;9;189
;8;190;11;190;8;190;11;190;6;190;7;190;4;190;2;190;8;190;9;190
;8;191;11;191;8;191;11;191;6;191;7;191;4;191;2;191;8;191;9;191
;8;192;11;192;8;192;11;192;6;192;7;192;4;192;2;192;8;192;9;192
;8;193;11;193;8;193;11;193;6;193;7;193;4;193;2;193;8;193;9;193
;8;194;11;194;8;194;11;194;5;194;7;194;4;194;2;194;8;194;9;194
;8;195;11;195;8;195;11;195;5;195;7;195;4;195;2;195;8;195;8;195
;8;196;11;196;8;196;11;196;5;196;7;196;4;196;2;196;8;196;8;196
;8;197;11;197;7;197;11;197;5;197;7;197;4;197;2;197;8;197;8;197
;8;198;11;198;7;198;11;198;5;198;7;198;3;198;2;198;8;198;8;198
;8;199;11;199;7;199;11;199;5;199;7;199;3;199;2;199;8;199;8;199
;8;200;11;200;7;200;11;200;5;200;7;200;3;200;2;200;8;200;8;200
;8;201;11;201;7;201;11;201;5;201;7;201;3;201;2;201;8;201;8;201
;8;202;11;202;7;202;11;202;5;202;7;202;3;202;2;202;8;202;8;202
;8;203;11;203;7;203;11;203;5;203;7;203;3;203;2;203;8;203;8;203
;8;204;11;204;7;204;11;204;5;204;7;204;3;204;2;204;8;204;8;204
;8;205;11;205;7;205;11;205;5;205;7;205;3;205;2;205;8;205;8;205
;8;206;11;206;7;206;11;206;5;206;7;206;3;206;2;206;8;206;8;206
;8;207;11;207;7;207;11;207;5;207;7;207;3;207;2;207;8;207;8;207
;8;208;11;208;7;208;11;208;5;208;7;208;3;208;2;208;8;208;8;208
;8;209;11;209;7;209;11;209;5;209;7;209;3;209;2;209;8;209;8;209
;8;210;11;210;7;210;10;210;5;210;7;210;3;210;2;210;8;210;8;210
;8;211;11;211;7;211;10;211;5;211;7;211;3;211;2;211;8;211;8;211
;8;212;11;212;7;212;10;212;5;212;7;212;3;212;2;212;8;212;8;212
;8;213;11;213;7;213;10;213;5;213;7;213;3;213;2;213;8;213;8;213
;8;214;11;214;7;214;10;214;5;214;7;214;3;214;2;214;8;214;8;214
;8;215;11;215;7;215;10;215;5;215;7;215;3;215;2;215;8;215;7;215
;8;216;11;216;7;216;10;216;5;216;7;216;3;216;2;216;8;216;7;216
;8;217;11;217;7;217;10;217;5;217;7;217;3;217;2;217;8;217;7;217
;8;218;11;218;7;218;10;218;5;218;7;218;3;218;2;218;8;218;7;218
;8;219;11;219;7;219;10;219;5;219;7;219;3;219;2;219;8;219;7;219
;8;220;11;220;7;220;10;220;5;220;7;220;3;220;2;220;8;220;6;220
;8;221;11;221;7;221;9;221;5;221;7;221;3;221;2;221;8;221;6;221
;8;222;11;222;7;222;9;222;5;222;7;222;3;222;2;222;8;222;6;222
;8;223;11;223;7;223;9;223;5;223;7;223;3;223;2;223;8;223;6;223
;8;224;11;224;7;224;9;224;5;224;7;224;3;224;2;224;8;224;6;224
;8;225;11;225;7;225;9;225;5;225;7;225;3;225;2;225;8;225;6;225
;8;226;11;226;7;226;9;226;5;226;7;226;3;226;2;226;8;226;6;226
;8;227;11;227;7;227;9;227;5;227;7;227;3;227;2;227;8;227;6;227
;8;228;11;228;7;228;9;228;5;228;7;228;3;228;2;228;8;228;6;228
;8;229;11;229;7;229;9;229;5;229;7;229;3;229;2;229;8;229;6;229
;8;230;11;230;7;230;9;230;5;230;7;230;3;230;2;230;8;230;6;230
;8;231;11;231;7;231;9;231;5;231;7;231;3;231;2;231;8;231;6;231
;8;232;11;232;7;232;9;232;5;232;7;232;3;232;2;232;8;232;6;232
;8;233;11;233;7;233;9;233;5;233;7;233;3;233;2;233;8;233;6;233
;8;234;11;234;7;234;9;234;5;234;7;234;3;234;2;234;8;234;6;234
;8;235;11;235;7;235;9;235;5;235;7;235;3;235;2;235;8;235;6;235
;8;236;11;236;7;236;9;236;5;236;7;236;3;236;2;236;8;236;6;236
;8;237;11;237;7;237;9;237;5;237;7;237;3;237;2;237;8;237;6;237
;8;238;11;238;7;238;9;238;5;238;7;238;3;238;2;238;8;238;6;238
;8;239;11;239;7;239;9;239;5;239;7;239;3;239;2;239;8;239;6;239
;8;240;11;240;7;240;9;240;5;240;7;240;3;240;2;240;8;240;6;240
;8;241;11;241;7;241;9;241;5;241;7;241;3;241;2;241;8;241;6;241
;8;242;11;242;7;242;9;242;5;242;7;242;3;242;2;242;8;242;6;242
;8;243;11;243;7;243;9;243;5;243;7;243;3;243;2;243;8;243;6;243
;8;244;11;244;7;244;9;244;5;244;7;244;3;244;2;244;8;244;6;244
;8;245;11;245;7;245;9;245;5;245;6;245;3;245;2;245;8;245;6;245
;8;246;11;246;7;246;9;246;5;246;6;246;3;246;2;246;8;246;6;246
;8;247;11;247;7;247;9;247;5;247;6;247;3;247;2;247;8;247;6;247
;8;248;11;248;7;248;9;248;5;248;6;248;3;248;2;248;8;248;6;248
;8;249;11;249;7;249;9;249;5;249;5;249;3;249;2;249;8;249;6;249
;8;250;11;250;7;250;9;250;5;250;5;250;3;250;2;250;8;250;6;250
;8;251;11;251;7;251;9;251;5;251;5;251;3;251;2;251;8;251;6;251
;8;252;11;252;7;252;9;252;5;252;5;252;3;252;2;252;8;252;6;252
;8;253;11;253;7;253;9;253;5;253;5;253;3;253;2;253;8;253;6;253
;8;254;11;254;7;254;9;254;5;254;5;254;3;254;2;254;8;254;6;254
;8;255;11;255;7;255;9;255;5;255;5;255;3;255;2;255;8;255;6;255
;8;256;11;256;7;256;9;256;5;256;5;256;3;256;2;256;8;256;6;256
;8;257;11;257;7;257;9;257;5;257;5;257;3;257;2;257;8;257;6;257
;8;258;11;258;7;258;9;258;5;258;5;258;3;258;2;258;8;258;6;258
;8;259;11;259;7;259;9;259;5;259;5;259;3;259;2;259;8;259;6;259
;8;260;11;260;7;260;9;260;5;260;5;260;3;260;2;260;8;260;6;260
;8;261;11;261;7;261;9;261;5;261;5;261;3;261;2;261;8;261;6;261
;8;262;11;262;7;262;9;262;5;262;5;262;3;262;2;262;8;262;6;262
;8;263;11;263;7;263;9;263;5;263;5;263;3;263;2;263;8;263;6;263
;8;264;11;264;7;264;9;264;5;264;5;264;3;264;2;264;8;264;6;264
;8;265;11;265;7;265;9;265;5;265;5;265;3;265;2;265;8;265;6;265
;8;266;11;266;7;266;9;266;5;266;5;266;3;266;2;266;8;266;6;266
;8;267;11;267;7;267;9;267;5;267;5;267;3;267;2;267;8;267;6;267
;8;268;11;268;7;268;9;268;5;268;5;268;3;268;2;268;8;268;6;268
;8;269;11;269;7;269;9;269;5;269;5;269;3;269;2;269;8;269;6;269
;8;270;11;270;7;270;9;270;5;270;5;270;3;270;2;270;8;270;6;270
;7;271;11;271;7;271;9;271;5;271;5;271;3;271;2;271;8;271;6;271
;7;272;11;272;7;272;9;272;5;272;5;272;3;272;2;272;8;272;6;272
;7;273;11;273;7;273;9;273;5;273;5;273;3;273;2;273;8;273;6;273
;7;274;11;274;7;274;9;274;5;274;5;274;3;274;2;274;8;274;6;274
;7;275;11;275;7;275;9;275;5;275;5;275;3;275;2;275;8;275;6;275
;7;276;11;276;7;276;9;276;5;276;5;276;3;276;2;276;8;276;6;276
;7;277;11;277;7;277;9;277;5;277;5;277;3;277;2;277;8;277;6;277
;7;278;10;278;7;278;9;278;5;278;5;278;3;278;2;278;8;278;6;278
;7;279;10;279;7;279;9;279;5;279;5;279;3;279;2;279;8;279;6;279
;7;280;10;280;7;280;9;280;5;280;5;280;3;280;2;280;8;280;6;280
;7;281;9;281;7;281;9;281;5;281;5;281;3;281;2;281;8;281;6;281
;7;282;9;282;7;282;9;282;5;282;5;282;3;282;2;282;8;282;6;282
;7;283;9;283;7;283;9;283;5;283;5;283;3;283;2;283;8;283;6;283
;7;284;9;284;7;284;9;284;5;284;5;284;3;284;2;284;8;284;6;284
;7;285;9;285;7;285;9;285;5;285;5;285;3;285;2;285;8;285;6;285
;7;286;9;286;7;286;9;286;5;286;5;286;3;286;2;286;8;286;6;286
;7;287;9;287;7;287;9;287;5;287;5;287;3;287;2;287;8;287;6;287
;7;288;9;288;7;288;9;288;5;288;5;288;3;288;2;288;7;288;6;288
;7;289;9;289;7;289;9;289;5;289;5;289;3;289;2;289;7;289;6;289
;7;290;9;290;7;290;9;290;5;290;5;290;3;290;2;290;7;290;6;290
;7;291;9;291;7;291;9;291;5;291;5;291;3;291;2;291;7;291;6;291
;7;292;9;292;7;292;9;292;5;292;5;292;3;292;2;292;7;292;6;292
;7;293;9;293;7;293;9;293;5;293;5;293;3;293;2;293;7;293;6;293
;7;294;9;294;7;294;9;294;5;294;5;294;3;294;2;294;7;294;6;294
;7;295;9;295;7;295;9;295;5;295;5;295;3;295;2;295;7;295;6;295
;7;296;8;296;7;296;9;296;5;296;5;296;3;296;2;296;7;296;6;296
;7;297;8;297;7;297;9;297;5;297;5;297;3;297;2;297;7;297;6;297
;7;298;8;298;7;298;9;298;5;298;5;298;3;298;2;298;7;298;6;298
;7;299;8;299;7;299;9;299;5;299;5;299;3;299;2;299;7;299;6;299
;7;300;8;300;7;300;9;300;5;300;5;300;3;300;2;300;7;300;6;300
;7;301;8;301;7;301;9;301;5;301;5;301;3;301;2;301;7;301;6;301
;7;302;8;302;7;302;9;302;5;302;5;302;3;302;2;302;7;302;6;302
;7;303;8;303;7;303;9;303;5;303;5;303;3;303;2;303;7;303;6;303
;7;304;8;304;7;304;9;304;5;304;5;304;3;304;2;304;7;304;6;304
;7;305;8;305;7;305;9;305;5;305;5;305;3;305;2;305;7;305;6;305
;7;306;8;306;7;306;9;306;5;306;5;306;3;306;2;306;7;306;6;306
;7;307;8;307;6;307;9;307;5;307;5;307;3;307;2;307;7;307;6;307
;7;308;8;308;6;308;9;308;5;308;5;308;3;308;2;308;7;308;6;308
;7;309;8;309;6;309;9;309;5;309;5;309;3;309;2;309;7;309;6;309
;7;310;8;310;6;310;9;310;5;310;5;310;3;310;2;310;7;310;6;310
;7;311;8;311;6;311;9;311;5;311;5;311;3;311;2;311;7;311;6;311
;7;312;8;312;6;312;9;312;5;312;5;312;3;312;2;312;7;312;6;312
;7;313;8;313;6;313;9;313;5;313;5;313;3;313;2;313;7;313;6;313
;7;314;8;314;6;314;9;314;5;314;5;314;3;314;2;314;7;314;6;314
;7;315;8;315;6;315;9;315;5;315;5;315;3;315;2;315;7;315;6;315
;7;316;8;316;6;316;9;316;5;316;5;316;3;316;2;316;7;316;6;316
;7;317;8;317;6;317;9;317;5;317;5;317;2;317;2;317;7;317;6;317
;7;318;7;318;6;318;9;318;5;318;5;318;2;318;2;318;7;318;6;318
;7;319;7;319;6;319;8;319;5;319;5;319;2;319;2;319;7;319;6;319
;7;320;7;320;6;320;8;320;5;320;5;320;2;320;2;320;7;320;6;320
;7;321;7;321;6;321;8;321;5;321;5;321;2;321;2;321;7;321;6;321
;7;322;7;322;6;322;8;322;5;322;5;322;2;322;2;322;7;322;6;322
;6;323;7;323;5;323;8;323;5;323;5;323;2;323;2;323;7;323;6;323
;6;324;7;324;5;324;8;324;5;324;5;324;2;324;2;324;7;324;6;324
;6;325;7;325;5;325;8;325;5;325;5;325;2;325;2;325;7;325;6;325
;6;326;6;326;5;326;8;326;5;326;5;326;2;326;2;326;7;326;6;326
;6;327;6;327;5;327;8;327;4;327;5;327;2;327;2;327;7;327;6;327
;6;328;6;328;5;328;8;328;4;328;5;328;2;328;2;328;7;328;6;328
;6;329;6;329;5;329;8;329;4;329;5;329;2;329;2;329;7;329;6;329
;6;330;6;330;5;330;8;330;4;330;5;330;2;330;2;330;7;330;6;330
;6;331;6;331;5;331;8;331;4;331;5;331;2;331;2;331;7;331;6;331
;6;332;6;332;5;332;8;332;4;332;5;332;2;332;2;332;7;332;6;332
;6;333;6;333;5;333;8;333;4;333;5;333;2;333;2;333;7;333;6;333
;6;334;6;334;5;334;8;334;4;334;5;334;2;334;2;334;7;334;6;334
;6;335;6;335;5;335;8;335;4;335;5;335;2;335;2;335;7;335;6;335
;6;336;6;336;5;336;8;336;3;336;5;336;2;336;2;336;7;336;6;336
;6;337;6;337;5;337;8;337;3;337;5;337;2;337;2;337;7;337;6;337
;6;338;6;338;5;338;8;338;3;338;5;338;2;338;2;338;7;338;6;338
;6;339;6;339;5;339;8;339;3;339;5;339;2;339;2;339;7;339;6;339
;6;340;6;340;5;340;8;340;3;340;5;340;2;340;2;340;7;340;6;340
;6;341;6;341;5;341;8;341;3;341;5;341;2;341;2;341;7;341;6;341
;6;342;6;342;5;342;8;342;3;342;5;342;2;342;2;342;7;342;6;342
;6;343;6;343;5;343;8;343;3;343;5;343;2;343;2;343;7;343;6;343
;6;344;6;344;5;344;8;344;3;344;5;344;2;344;2;344;7;344;6;344
;6;345;6;345;5;345;8;345;3;345;5;345;2;345;2;345;7;345;6;345
;6;346;6;346;5;346;8;346;3;346;5;346;2;346;2;346;7;346;6;346
;6;347;6;347;5;347;8;347;3;347;5;347;2;347;2;347;7;347;6;347
;6;348;6;348;5;348;8;348;3;348;5;348;2;348;2;348;7;348;6;348
;6;349;6;349;5;349;8;349;3;349;5;349;2;349;2;349;7;349;6;349
;6;350;6;350;5;350;8;350;3;350;5;350;2;350;2;350;7;350;6;350
;6;351;6;351;5;351;8;351;3;351;5;351;2;351;2;351;7;351;6;351
;6;352;6;352;5;352;8;352;3;352;5;352;2;352;2;352;7;352;6;352
;6;353;6;353;5;353;8;353;3;353;5;353;2;353;2;353;7;353;6;353
;6;354;6;354;5;354;8;354;3;354;5;354;2;354;2;354;7;354;6;354
;6;355;6;355;5;355;8;355;3;355;5;355;2;355;2;355;7;355;6;355
;6;356;6;356;5;356;8;356;3;356;5;356;2;356;2;356;7;356;6;356
;6;357;6;357;5;357;8;357;3;357;5;357;2;357;2;357;7;357;6;357
;5;358;6;358;5;358;8;358;3;358;5;358;2;358;2;358;7;358;6;358
;5;359;6;359;5;359;8;359;3;359;5;359;2;359;2;359;7;359;6;359
;4;360;6;360;5;360;8;360;3;360;5;360;2;360;2;360;7;360;6;360
;4;361;6;361;5;361;8;361;3;361;5;361;2;361;2;361;7;361;6;361
;4;362;6;362;5;362;8;362;3;362;5;362;2;362;2;362;7;362;6;362
;4;363;6;363;5;363;8;363;3;363;5;363;2;363;2;363;7;363;6;363
;4;364;6;364;5;364;8;364;3;364;5;364;2;364;2;364;7;364;6;364
;4;365;6;365;4;365;8;365;3;365;5;365;2;365;2;365;7;365;6;365
;4;366;6;366;4;366;8;366;3;366;5;366;2;366;2;366;7;366;6;366
;4;367;6;367;4;367;8;367;3;367;5;367;2;367;2;367;7;367;6;367
;4;368;6;368;4;368;8;368;3;368;5;368;2;368;2;368;7;368;6;368
;4;369;6;369;4;369;8;369;3;369;5;369;2;369;2;369;7;369;6;369
;4;370;6;370;4;370;8;370;3;370;5;370;2;370;2;370;7;370;6;370
;4;371;6;371;4;371;8;371;3;371;5;371;2;371;2;371;7;371;6;371
;4;372;6;372;4;372;8;372;3;372;5;372;2;372;2;372;7;372;6;372
;4;373;6;373;4;373;8;373;3;373;5;373;2;373;2;373;7;373;6;373
;4;374;6;374;4;374;8;374;3;374;5;374;2;374;2;374;7;374;6;374
;4;375;6;375;4;375;8;375;3;375;5;375;2;375;2;375;7;375;6;375
;4;376;6;376;4;376;8;376;3;376;5;376;2;376;2;376;7;376;6;376
;4;377;6;377;4;377;8;377;3;377;5;377;2;377;2;377;7;377;6;377
;4;378;6;378;4;378;8;378;3;378;5;378;2;378;2;378;7;378;6;378
;4;379;6;379;4;379;8;379;3;379;5;379;2;379;2;379;7;379;6;379
;4;380;6;380;4;380;8;380;3;380;5;380;2;380;2;380;7;380;6;380
;4;381;6;381;4;381;8;381;3;381;5;381;2;381;2;381;7;381;6;381
;4;382;6;382;4;382;8;382;3;382;5;382;2;382;2;382;7;382;6;382
;4;383;6;383;4;383;8;383;3;383;5;383;2;383;2;383;7;383;6;383
;4;384;6;384;4;384;8;384;3;384;5;384;2;384;2;384;7;384;6;384
;4;385;6;385;4;385;8;385;3;385;5;385;2;385;2;385;7;385;6;385
;4;386;6;386;3;386;8;386;3;386;5;386;2;386;2;386;7;386;6;386
;4;387;6;387;3;387;8;387;3;387;5;387;2;387;2;387;7;387;6;387
;4;388;6;388;3;388;8;388;3;388;5;388;2;388;2;388;7;388;6;388
;4;389;6;389;3;389;8;389;3;389;5;389;2;389;2;389;7;389;6;389
;4;390;6;390;3;390;8;390;3;390;5;390;2;390;2;390;7;390;6;390
;4;391;6;391;3;391;8;391;3;391;5;391;2;391;2;391;7;391;6;391
;4;392;6;392;3;392;8;392;3;392;5;392;2;392;2;392;7;392;6;392
;4;393;6;393;3;393;8;393;3;393;5;393;2;393;2;393;7;393;6;393
;3;394;6;394;3;394;8;394;3;394;5;394;2;394;2;394;7;394;6;394
;3;395;6;395;3;395;8;395;3;395;5;395;2;395;2;395;7;395;6;395
;3;396;6;396;3;396;8;396;3;396;5;396;2;396;2;396;7;396;6;396
;3;397;6;397;3;397;8;397;3;397;5;397;2;397;2;397;7;397;6;397
;3;398;6;398;3;398;8;398;3;398;5;398;2;398;2;398;7;398;6;398
;3;399;6;399;3;399;8;399;3;399;5;399;2;399;2;399;7;399;6;399
;3;400;6;400;3;400;8;400;3;400;5;400;2;400;2;400;7;400;6;400
;3;401;6;401;3;401;8;401;3;401;5;401;2;401;2;401;7;401;6;401
;3;402;6;402;3;402;8;402;3;402;5;402;2;402;2;402;7;402;6;402
;3;403;6;403;3;403;8;403;3;403;5;403;2;403;2;403;7;403;6;403
;3;404;6;404;3;404;8;404;3;404;5;404;2;404;2;404;7;404;6;404
;3;405;6;405;3;405;8;405;3;405;5;405;2;405;2;405;7;405;6;405
;3;406;6;406;3;406;8;406;3;406;5;406;2;406;2;406;7;406;6;406
;3;407;6;407;3;407;8;407;3;407;5;407;2;407;2;407;7;407;6;407
;2;408;6;408;3;408;8;408;3;408;5;408;2;408;2;408;7;408;6;408
;2;409;6;409;3;409;8;409;3;409;5;409;2;409;2;409;7;409;6;409
;2;410;6;410;3;410;8;410;3;410;5;410;2;410;2;410;7;410;6;410
;2;411;6;411;3;411;8;411;3;411;5;411;2;411;2;411;7;411;6;411
;2;412;5;412;3;412;8;412;3;412;5;412;2;412;2;412;7;412;6;412
;2;413;5;413;3;413;8;413;3;413;4;413;2;413;2;413;7;413;6;413
;2;414;5;414;3;414;8;414;3;414;4;414;2;414;2;414;7;414;6;414
;2;415;5;415;3;415;8;415;3;415;4;415;2;415;2;415;7;415;6;415
;2;416;5;416;3;416;8;416;3;416;4;416;2;416;2;416;7;416;6;416
;2;417;5;417;3;417;8;417;3;417;4;417;2;417;2;417;7;417;6;417
;2;418;5;418;3;418;8;418;3;418;4;418;2;418;2;418;7;418;6;418
;2;419;5;419;3;419;8;419;3;419;4;419;2;419;2;419;7;419;6;419
;2;420;5;420;3;420;8;420;3;420;4;420;2;420;2;420;7;420;6;420
;2;421;5;421;3;421;8;421;3;421;4;421;2;421;2;421;7;421;6;421
;2;422;5;422;3;422;8;422;3;422;4;422;2;422;2;422;7;422;6;422
;2;423;5;423;3;423;8;423;3;423;4;423;2;423;2;423;7;423;6;423
;2;424;5;424;3;424;8;424;3;424;4;424;2;424;2;424;7;424;6;424
;2;425;5;425;3;425;8;425;3;425;4;425;2;425;2;425;7;425;6;425
;2;426;5;426;3;426;8;426;3;426;4;426;2;426;2;426;7;426;6;426
;2;427;5;427;3;427;8;427;3;427;4;427;2;427;2;427;7;427;6;427
;2;428;5;428;3;428;8;428;3;428;4;428;2;428;2;428;7;428;6;428
;2;429;5;429;3;429;8;429;3;429;4;429;2;429;2;429;7;429;6;429
;2;430;5;430;3;430;8;430;3;430;4;430;2;430;2;430;7;430;6;430
;2;431;5;431;3;431;8;431;3;431;4;431;2;431;2;431;7;431;6;431
;2;432;5;432;3;432;8;432;3;432;4;432;2;432;2;432;7;432;6;432
;2;433;5;433;3;433;8;433;3;433;4;433;2;433;2;433;7;433;6;433
;2;434;5;434;3;434;8;434;3;434;4;434;2;434;2;434;7;434;5;434
;2;435;5;435;3;435;8;435;3;435;4;435;2;435;2;435;7;435;5;435
;2;436;5;436;3;436;8;436;3;436;4;436;2;436;2;436;7;436;5;436
;2;437;5;437;3;437;8;437;3;437;4;437;2;437;2;437;7;437;5;437
;2;438;5;438;3;438;8;438;3;438;4;438;2;438;2;438;7;438;5;438
;2;439;5;439;3;439;8;439;3;439;4;439;2;439;2;439;7;439;5;439
;2;440;5;440;3;440;8;440;3;440;4;440;2;440;2;440;7;440;5;440
;2;441;5;441;3;441;8;441;3;441;4;441;2;441;2;441;7;441;5;441
;2;442;5;442;3;442;8;442;3;442;4;442;2;442;2;442;7;442;5;442
;2;443;5;443;3;443;8;443;3;443;4;443;2;443;2;443;7;443;5;443
;2;444;5;444;3;444;8;444;3;444;4;444;2;444;2;444;7;444;4;444
;2;445;5;445;3;445;8;445;3;445;4;445;2;445;2;445;7;445;4;445
;2;446;5;446;3;446;8;446;3;446;4;446;2;446;2;446;7;446;4;446
;2;447;5;447;3;447;8;447;3;447;4;447;2;447;2;447;7;447;4;447
;2;448;5;448;3;448;8;448;3;448;4;448;2;448;2;448;7;448;4;448
;2;449;5;449;3;449;8;449;3;449;4;449;2;449;2;449;7;449;4;449
;2;450;5;450;3;450;8;450;3;450;4;450;2;450;2;450;7;450;4;450
;2;451;5;451;3;451;8;451;3;451;4;451;2;451;2;451;7;451;4;451
;2;452;5;452;3;452;8;452;3;452;4;452;2;452;2;452;7;452;4;452
;2;453;5;453;3;453;8;453;3;453;4;453;2;453;2;453;7;453;4;453
;2;454;5;454;3;454;8;454;3;454;4;454;2;454;2;454;7;454;4;454
;2;455;5;455;3;455;8;455;3;455;4;455;2;455;2;455;7;455;4;455
;2;456;5;456;3;456;8;456;3;456;4;456;2;456;2;456;7;456;4;456
;2;457;5;457;3;457;8;457;3;457;4;457;2;457;2;457;7;457;4;457
;2;458;5;458;3;458;8;458;3;458;4;458;2;458;2;458;7;458;4;458
;2;459;5;459;3;459;8;459;3;459;4;459;2;459;2;459;7;459;4;459
;2;460;5;460;3;460;8;460;3;460;4;460;2;460;2;460;7;460;4;460
;2;461;5;461;3;461;8;461;3;461;4;461;2;461;2;461;7;461;4;461
;2;462;5;462;3;462;8;462;3;462;4;462;2;462;2;462;7;462;4;462
;2;463;5;463;3;463;8;463;3;463;4;463;2;463;2;463;7;463;4;463
;2;464;5;464;3;464;8;464;3;464;4;464;2;464;2;464;7;464;4;464
;2;465;5;465;3;465;8;465;3;465;4;465;2;465;2;465;7;465;4;465
;2;466;5;466;3;466;8;466;3;466;4;466;2;466;2;466;7;466;4;466
;2;467;5;467;3;467;8;467;3;467;4;467;2;467;2;467;7;467;4;467
;2;468;5;468;3;468;8;468;3;468;4;468;2;468;2;468;7;468;4;468
;2;469;5;469;3;469;8;469;3;469;4;469;2;469;2;469;7;469;4;469
;2;470;5;470;3;470;8;470;3;470;4;470;2;470;2;470;7;470;4;470
;2;471;5;471;3;471;8;471;3;471;4;471;2;471;2;471;7;471;4;471
;2;472;5;472;3;472;8;472;3;472;4;472;2;472;2;472;7;472;4;472
;2;473;5;473;3;473;8;473;3;473;4;473;2;473;2;473;7;473;4;473
;2;474;5;474;3;474;8;474;3;474;4;474;2;474;2;474;7;474;4;474
;2;475;5;475;3;475;8;475;3;475;4;475;2;475;2;475;6;475;4;475
;2;476;5;476;3;476;8;476;3;476;4;476;2;476;2;476;6;476;4;476
;2;477;5;477;3;477;8;477;3;477;4;477;2;477;2;477;6;477;4;477
;2;478;5;478;3;478;8;478;3;478;4;478;2;478;2;478;6;478;4;478
;2;479;5;479;3;479;8;479;3;479;4;479;2;479;2;479;6;479;4;479
;2;480;5;480;3;480;8;480;3;480;4;480;2;480;2;480;6;480;4;480
;2;481;5;481;3;481;8;481;3;481;4;481;2;481;2;481;6;481;4;481
;2;482;5;482;3;482;8;482;3;482;4;482;2;482;2;482;6;482;4;482
;2;483;5;483;3;483;8;483;3;483;4;483;2;483;2;483;6;483;4;483
;2;484;5;484;3;484;8;484;3;484;4;484;2;484;2;484;6;484;4;484
;2;485;5;485;3;485;8;485;3;485;4;485;2;485;2;485;6;485;4;485
;2;486;5;486;3;486;8;486;3;486;4;486;2;486;2;486;6;486;4;486
;2;487;5;487;3;487;8;487;3;487;4;487;2;487;2;487;6;487;4;487
;2;488;5;488;3;488;8;488;3;488;4;488;2;488;2;488;6;488;4;488
;2;489;5;489;3;489;8;489;3;489;4;489;2;489;2;489;6;489;4;489
;2;490;5;490;3;490;8;490;3;490;4;490;2;490;2;490;6;490;4;490
;2;491;5;491;3;491;8;491;3;491;4;491;2;491;2;491;6;491;4;491
;2;492;5;492;3;492;8;492;3;492;4;492;2;492;2;492;6;492;4;492
;2;493;5;493;3;493;8;493;3;493;4;493;2;493;2;493;6;493;4;493
;2;494;5;494;3;494;8;494;3;494;4;494;2;494;2;494;6;494;4;494
;2;495;5;495;3;495;8;495;3;495;4;495;2;495;2;495;6;495;4;495
;2;496;5;496;3;496;8;496;3;496;4;496;2;496;2;496;6;496;4;496
;2;497;5;497;3;497;8;497;3;497;4;497;2;497;2;497;6;497;4;497
;2;498;5;498;3;498;8;498;3;498;4;498;2;498;2;498;6;498;4;498
;2;499;5;499;3;499;8;499;3;499;4;499;2;499;2;499;6;499;4;499
;2;500;5;500;3;500;8;500;3;500;4;500;2;500;2;500;6;500;4;500
;2;501;5;501;3;501;8;501;3;501;4;501;2;501;2;501;6;501;4;501
;2;502;5;502;3;502;8;502;3;502;4;502;2;502;2;502;6;502;4;502
;2;503;5;503;3;503;8;503;3;503;4;503;2;503;2;503;6;503;4;503
;2;504;5;504;3;504;8;504;3;504;4;504;2;504;2;504;6;504;4;504
;2;505;5;505;3;505;8;505;3;505;4;505;2;505;2;505;6;505;4;505
;2;506;5;506;3;506;8;506;3;506;4;506;2;506;2;506;6;506;4;506
;2;507;5;507;3;507;8;507;3;507;4;507;2;507;2;507;6;507;4;507
;2;508;5;508;3;508;8;508;3;508;4;508;2;508;2;508;6;508;4;508
;2;509;5;509;3;509;8;509;3;509;4;509;2;509;2;509;6;509;4;509
;2;510;5;510;3;510;8;510;3;510;4;510;2;510;2;510;6;510;4;510
;2;511;5;511;3;511;8;511;3;511;4;511;2;511;2;511;5;511;4;511
;2;512;5;512;3;512;8;512;3;512;4;512;2;512;2;512;4;512;4;512
;2;513;5;513;3;513;8;513;3;513;4;513;2;513;2;513;4;513;4;513
;2;514;5;514;3;514;8;514;3;514;4;514;2;514;2;514;4;514;4;514
;2;515;5;515;3;515;8;515;3;515;4;515;2;515;2;515;4;515;4;515
;2;516;5;516;3;516;8;516;3;516;4;516;2;516;2;516;4;516;4;516
;2;517;5;517;3;517;8;517;3;517;4;517;2;517;2;517;4;517;4;517
;2;518;5;518;3;518;8;518;3;518;4;518;2;518;2;518;4;518;4;518
;2;519;5;519;3;519;8;519;3;519;4;519;2;519;2;519;4;519;4;519
;2;520;5;520;3;520;8;520;3;520;4;520;2;520;2;520;4;520;4;520
;2;521;5;521;3;521;8;521;3;521;4;521;2;521;2;521;4;521;4;521
;2;522;5;522;3;522;8;522;3;522;4;522;2;522;2;522;4;522;4;522
;2;523;5;523;3;523;8;523;3;523;4;523;2;523;2;523;4;523;4;523
;2;524;5;524;3;524;8;524;3;524;4;524;2;524;2;524;4;524;4;524
;2;525;4;525;3;525;8;525;3;525;4;525;2;525;2;525;4;525;4;525
;2;526;4;526;3;526;8;526;3;526;3;526;2;526;2;526;4;526;4;526
;2;527;4;527;3;527;8;527;3;527;3;527;2;527;2;527;4;527;4;527
;2;528;4;528;3;528;8;528;3;528;3;528;2;528;2;528;4;528;4;528
;2;529;4;529;3;529;8;529;3;529;3;529;2;529;2;529;4;529;4;529
;2;530;4;530;3;530;8;530;3;530;3;530;2;530;2;530;4;530;4;530
;2;531;4;531;3;531;8;531;3;531;3;531;2;531;2;531;4;531;4;531
;2;532;4;532;3;532;8;532;3;532;3;532;2;532;2;532;4;532;4;532
;2;533;4;533;3;533;8;533;3;533;3;533;2;533;2;533;4;533;4;533
;2;534;4;534;3;534;8;534;3;534;3;534;2;534;2;534;4;534;4;534
;2;535;4;535;3;535;8;535;3;535;3;535;2;535;2;535;4;535;4;535
;2;536;4;536;3;536;8;536;3;536;3;536;2;536;2;536;4;536;4;536
;2;537;4;537;3;537;8;537;3;537;3;537;2;537;2;537;4;537;4;537
;2;538;4;538;3;538;8;538;3;538;3;538;2;538;2;538;4;538;4;538
;2;539;4;539;3;539;8;539;3;539;3;539;2;539;2;539;4;539;4;539
;2;540;4;540;3;540;8;540;3;540;3;540;2;540;2;540;4;540;4;540
;2;541;4;541;3;541;8;541;3;541;3;541;2;541;2;541;4;541;4;541
;2;542;4;542;3;542;8;542;3;542;3;542;2;542;2;542;4;542;4;542
;2;543;4;543;3;543;8;543;3;543;3;543;2;543;2;543;4;543;4;543
;2;544;4;544;3;544;8;544;3;544;3;544;2;544;2;544;4;544;4;544
;2;545;4;545;3;545;8;545;3;545;3;545;2;545;2;545;4;545;4;545
;2;546;4;546;3;546;8;546;3;546;3;546;2;546;2;546;4;546;4;546
;2;547;4;547;3;547;8;547;3;547;3;547;2;547;2;547;4;547;4;547
;2;548;4;548;3;548;8;548;3;548;3;548;2;548;2;548;4;548;4;548
;2;549;4;549;3;549;8;549;3;549;3;549;2;549;2;549;4;549;4;549
;2;550;4;550;3;550;8;550;3;550;3;550;2;550;2;550;4;550;4;550
;2;551;4;551;3;551;8;551;3;551;3;551;2;551;2;551;4;551;4;551
;2;552;4;552;3;552;8;552;3;552;3;552;2;552;2;552;4;552;4;552
;2;553;4;553;3;553;8;553;3;553;3;553;2;553;2;553;4;553;4;553
;2;554;4;554;3;554;8;554;3;554;3;554;2;554;2;554;4;554;4;554
;2;555;4;555;3;555;8;555;3;555;3;555;2;555;1;555;4;555;4;555
;2;556;4;556;3;556;7;556;3;556;3;556;2;556;1;556;4;556;4;556
;2;557;4;557;3;557;7;557;3;557;3;557;2;557;1;557;4;557;4;557
;2;558;4;558;3;558;7;558;3;558;3;558;2;558;1;558;4;558;4;558
;2;559;4;559;3;559;7;559;3;559;3;559;2;559;1;559;4;559;4;559
;2;560;4;560;3;560;7;560;3;560;3;560;2;560;1;560;4;560;4;560
;2;561;4;561;3;561;7;561;3;561;3;561;2;561;1;561;4;561;4;561
;2;562;4;562;3;562;7;562;3;562;3;562;2;562;1;562;4;562;4;562
;2;563;4;563;3;563;7;563;3;563;3;563;2;563;1;563;4;563;4;563
;2;564;4;564;3;564;7;564;3;564;3;564;2;564;1;564;4;564;4;564
;2;565;4;565;3;565;7;565;3;565;3;565;2;565;1;565;4;565;4;565
;2;566;4;566;3;566;7;566;3;566;3;566;2;566;1;566;4;566;4;566
;2;567;4;567;3;567;7;567;3;567;3;567;2;567;1;567;4;567;4;567
;2;568;4;568;3;568;7;568;3;568;3;568;2;568;1;568;4;568;4;568
;2;569;4;569;3;569;7;569;3;569;3;569;2;569;1;569;4;569;4;569
;2;570;4;570;3;570;7;570;3;570;3;570;2;570;1;570;4;570;4;570
;2;571;4;571;3;571;7;571;3;571;3;571;2;571;1;571;4;571;4;571
;2;572;4;572;3;572;7;572;3;572;3;572;2;572;1;572;4;572;4;572
;2;573;4;573;3;573;7;573;3;573;3;573;2;573;1;573;4;573;4;573
;2;574;4;574;3;574;7;574;3;574;3;574;2;574;1;574;4;574;4;574
;2;575;4;575;3;575;7;575;3;575;3;575;2;575;1;575;4;575;4;575
;2;576;4;576;3;576;7;576;3;576;3;576;2;576;1;576;4;576;4;576
;2;577;4;577;3;577;7;577;3;577;3;577;2;577;1;577;4;577;4;577
;2;578;4;578;3;578;7;578;3;578;3;578;2;578;1;578;4;578;4;578
;2;579;4;579;3;579;7;579;3;579;3;579;2;579;1;579;4;579;4;579
;2;580;4;580;3;580;7;580;3;580;3;580;2;580;1;580;4;580;4;580
;2;581;4;581;3;581;7;581;3;581;3;581;2;581;1;581;4;581;4;581
;2;582;4;582;3;582;7;582;3;582;3;582;2;582;1;582;4;582;4;582
;2;583;4;583;3;583;7;583;3;583;3;583;2;583;1;583;4;583;4;583
;2;584;4;584;3;584;7;584;3;584;3;584;2;584;1;584;4;584;4;584
;2;585;4;585;3;585;7;585;3;585;3;585;2;585;1;585;4;585;4;585
;2;586;4;586;3;586;7;586;3;586;3;586;2;586;1;586;4;586;4;586
;2;587;4;587;3;587;7;587;3;587;3;587;2;587;1;587;4;587;4;587
;2;588;4;588;3;588;7;588;3;588;3;588;2;588;1;588;4;588;4;588
;2;589;4;589;3;589;7;589;3;589;3;589;2;589;1;589;4;589;4;589
;2;590;4;590;3;590;7;590;3;590;3;590;2;590;1;590;4;590;4;590
;2;591;4;591;3;591;7;591;3;591;3;591;2;591;1;591;4;591;4;591
;1;592;4;592;3;592;7;592;3;592;3;592;2;592;1;592;4;592;4;592
;1;593;4;593;3;593;7;593;3;593;3;593;2;593;1;593;4;593;4;593
;1;594;4;594;3;594;7;594;3;594;3;594;2;594;1;594;4;594;3;594
;1;595;4;595;3;595;7;595;3;595;3;595;2;595;1;595;4;595;3;595
;1;596;4;596;3;596;7;596;3;596;3;596;2;596;1;596;4;596;3;596
;1;597;4;597;3;597;7;597;3;597;3;597;2;597;1;597;4;597;3;597
;1;598;4;598;3;598;7;598;3;598;3;598;2;598;1;598;4;598;3;598
;1;599;4;599;3;599;7;599;3;599;3;599;2;599;1;599;4;599;3;599
;1;600;4;600;3;600;7;600;3;600;3;600;2;600;1;600;4;600;3;600
;1;601;4;601;3;601;7;601;3;601;3;601;2;601;1;601;4;601;3;601
;1;602;4;602;3;602;7;602;3;602;3;602;2;602;1;602;4;602;3;602
;1;603;4;603;3;603;7;603;3;603;3;603;2;603;1;603;4;603;3;603
;1;604;4;604;3;604;7;604;3;604;3;604;2;604;1;604;4;604;3;604
;1;605;4;605;3;605;7;605;3;605;3;605;2;605;1;605;4;605;3;605
;1;606;4;606;3;606;7;606;3;606;3;606;2;606;1;606;4;606;3;606
;1;607;4;607;3;607;7;607;3;607;3;607;2;607;1;607;4;607;3;607
;1;608;4;608;3;608;7;608;3;608;3;608;2;608;1;608;4;608;3;608
;1;609;4;609;3;609;7;609;3;609;3;609;2;609;1;609;4;609;3;609
;1;610;4;610;3;610;7;610;3;610;3;610;2;610;1;610;4;610;3;610
;1;611;4;611;3;611;7;611;3;611;3;611;2;611;1;611;4;611;3;611
;1;612;4;612;3;612;7;612;3;612;3;612;2;612;1;612;4;612;3;612
;1;613;4;613;3;613;7;613;3;613;3;613;2;613;1;613;4;613;3;613
;1;614;4;614;3;614;7;614;3;614;3;614;2;614;1;614;4;614;3;614
;1;615;4;615;3;615;7;615;3;615;3;615;2;615;1;615;4;615;3;615
;1;616;4;616;3;616;7;616;3;616;3;616;2;616;1;616;4;616;3;616
;1;617;4;617;3;617;7;617;3;617;3;617;2;617;1;617;4;617;3;617
;1;618;4;618;3;618;7;618;3;618;3;618;2;618;1;618;4;618;3;618
;1;619;4;619;3;619;7;619;3;619;3;619;2;619;1;619;4;619;3;619
;1;620;4;620;3;620;7;620;3;620;3;620;2;620;1;620;4;620;3;620
;1;621;4;621;3;621;7;621;3;621;3;621;2;621;1;621;4;621;3;621
;1;622;4;622;3;622;7;622;3;622;3;622;2;622;1;622;4;622;3;622
;1;623;4;623;3;623;7;623;3;623;3;623;2;623;1;623;4;623;3;623
;1;624;4;624;3;624;7;624;3;624;3;624;2;624;1;624;4;624;3;624
;1;625;4;625;3;625;7;625;3;625;3;625;2;625;1;625;4;625;3;625
;1;626;4;626;3;626;7;626;3;626;3;626;2;626;1;626;4;626;3;626
;1;627;4;627;3;627;7;627;3;627;3;627;2;627;1;627;4;627;3;627
;1;628;4;628;3;628;7;628;3;628;3;628;2;628;1;628;4;628;3;628
;1;629;4;629;3;629;7;629;3;629;3;629;2;629;1;629;4;629;3;629
;1;630;4;630;3;630;7;630;3;630;3;630;2;630;1;630;4;630;3;630
;1;631;4;631;3;631;7;631;3;631;3;631;2;631;1;631;4;631;3;631
;1;632;4;632;3;632;7;632;3;632;3;632;2;632;1;632;4;632;3;632
;1;633;4;633;3;633;7;633;3;633;3;633;2;633;1;633;4;633;3;633
;1;634;4;634;3;634;7;634;3;634;3;634;2;634;1;634;4;634;3;634
;1;635;4;635;3;635;7;635;3;635;3;635;2;635;1;635;4;635;3;635
;1;636;4;636;3;636;7;636;3;636;3;636;2;636;1;636;4;636;3;636
;1;637;4;637;3;637;7;637;3;637;3;637;2;637;1;637;4;637;3;637
;1;638;4;638;3;638;7;638;3;638;3;638;2;638;1;638;4;638;3;638
;1;639;4;639;3;639;7;639;3;639;3;639;2;639;1;639;4;639;3;639
;1;640;4;640;3;640;7;640;3;640;3;640;2;640;1;640;4;640;3;640
;1;641;4;641;3;641;7;641;3;641;3;641;2;641;1;641;4;641;3;641
;1;642;4;642;3;642;7;642;3;642;3;642;2;642;1;642;4;642;3;642
;1;643;4;643;3;643;7;643;3;643;3;643;2;643;1;643;4;643;3;643
;1;644;4;644;3;644;7;644;3;644;3;644;2;644;1;644;4;644;3;644
;1;645;4;645;3;645;7;645;3;645;3;645;2;645;1;645;4;645;3;645
;1;646;4;646;3;646;7;646;3;646;3;646;2;646;1;646;4;646;3;646
;1;647;4;647;3;647;7;647;3;647;3;647;2;647;1;647;4;647;3;647
;1;648;4;648;3;648;7;648;3;648;3;648;2;648;1;648;4;648;3;648
;1;649;4;649;3;649;7;649;3;649;3;649;2;649;1;649;4;649;3;649
;1;650;4;650;3;650;7;650;3;650;3;650;2;650;1;650;4;650;3;650
;1;651;4;651;3;651;7;651;3;651;3;651;2;651;1;651;4;651;3;651
;1;652;4;652;3;652;7;652;3;652;3;652;2;652;1;652;4;652;3;652
;1;653;4;653;3;653;7;653;3;653;3;653;2;653;1;653;4;653;3;653
;1;654;4;654;3;654;7;654;3;654;3;654;2;654;1;654;4;654;3;654
;1;655;4;655;3;655;7;655;3;655;3;655;2;655;1;655;4;655;3;655
;1;656;4;656;3;656;7;656;3;656;3;656;2;656;1;656;4;656;3;656
;1;657;4;657;3;657;7;657;3;657;3;657;2;657;1;657;4;657;3;657
;1;658;4;658;3;658;7;658;3;658;3;658;2;658;1;658;4;658;3;658
;1;659;4;659;3;659;7;659;3;659;3;659;2;659;1;659;4;659;3;659
;1;660;4;660;3;660;7;660;3;660;3;660;2;660;1;660;4;660;3;660
;1;661;4;661;3;661;7;661;3;661;3;661;2;661;1;661;4;661;3;661
;1;662;4;662;3;662;7;662;3;662;3;662;2;662;1;662;4;662;3;662
;1;663;4;663;3;663;7;663;3;663;3;663;2;663;1;663;4;663;3;663
;1;664;4;664;3;664;7;664;3;664;3;664;2;664;1;664;4;664;3;664
;1;665;4;665;3;665;7;665;3;665;3;665;2;665;1;665;4;665;3;665
;1;666;4;666;3;666;7;666;3;666;3;666;2;666;1;666;4;666;3;666
;1;667;4;667;3;667;7;667;3;667;3;667;2;667;1;667;4;667;3;667
;1;668;4;668;3;668;6;668;3;668;3;668;2;668;1;668;4;668;3;668
;1;669;4;669;3;669;6;669;3;669;3;669;2;669;1;669;4;669;3;669
;1;670;4;670;3;670;6;670;3;670;3;670;2;670;1;670;4;670;3;670
;1;671;4;671;3;671;6;671;3;671;3;671;2;671;1;671;4;671;3;671
;1;672;4;672;3;672;6;672;3;672;3;672;2;672;1;672;4;672;3;672
;1;673;4;673;3;673;6;673;3;673;3;673;2;673;1;673;4;673;3;673
;1;674;4;674;3;674;6;674;3;674;3;674;2;674;1;674;4;674;3;674
;1;675;4;675;3;675;6;675;3;675;3;675;2;675;1;675;4;675;3;675
;1;676;4;676;3;676;6;676;3;676;3;676;2;676;1;676;4;676;3;676
;1;677;4;677;3;677;6;677;3;677;3;677;2;677;1;677;4;677;3;677
;1;678;4;678;3;678;6;678;3;678;3;678;2;678;1;678;4;678;3;678
;1;679;4;679;3;679;6;679;3;679;3;679;2;679;1;679;4;679;3;679
;1;680;4;680;3;680;6;680;3;680;3;680;2;680;1;680;4;680;3;680
;1;681;4;681;3;681;6;681;3;681;3;681;2;681;1;681;4;681;3;681
;1;682;4;682;3;682;6;682;3;682;3;682;2;682;1;682;4;682;3;682
;1;683;4;683;3;683;6;683;3;683;3;683;2;683;1;683;4;683;3;683
;1;684;4;684;3;684;6;684;3;684;3;684;2;684;1;684;4;684;3;684
;1;685;4;685;3;685;6;685;3;685;3;685;2;685;1;685;4;685;3;685
;1;686;4;686;3;686;6;686;3;686;3;686;2;686;1;686;4;686;3;686
;1;687;4;687;3;687;6;687;3;687;3;687;2;687;1;687;4;687;3;687
;1;688;4;688;3;688;6;688;3;688;3;688;2;688;1;688;4;688;3;688
;1;689;4;689;3;689;6;689;3;689;3;689;2;689;1;689;4;689;3;689
;1;690;4;690;3;690;6;690;3;690;3;690;2;690;1;690;4;690;3;690
;1;691;4;691;3;691;6;691;3;691;3;691;2;691;1;691;4;691;3;691
;1;692;4;692;3;692;6;692;3;692;3;692;2;692;1;692;4;692;3;692
;1;693;4;693;3;693;6;693;3;693;3;693;2;693;1;693;4;693;3;693
;1;694;4;694;3;694;6;694;3;694;3;694;2;694;1;694;4;694;3;694
;1;695;4;695;3;695;6;695;3;695;3;695;2;695;1;695;4;695;3;695
;1;696;4;696;3;696;6;696;3;696;3;696;2;696;1;696;4;696;3;696
;1;697;4;697;3;697;6;697;3;697;3;697;2;697;1;697;4;697;3;697
;1;698;4;698;3;698;6;698;3;698;3;698;2;698;1;698;4;698;3;698
;1;699;4;699;3;699;6;699;3;699;3;699;2;699;1;699;4;699;3;699
;1;700;4;700;3;700;6;700;3;700;3;700;2;700;1;700;4;700;3;700
;1;701;4;701;3;701;6;701;3;701;3;701;2;701;1;701;4;701;3;701
;1;702;4;702;3;702;6;702;3;702;3;702;2;702;1;702;4;702;3;702
;1;703;4;703;3;703;6;703;3;703;3;703;2;703;1;703;4;703;3;703
;1;704;4;704;3;704;6;704;3;704;3;704;2;704;1;704;4;704;3;704
;1;705;4;705;3;705;6;705;3;705;3;705;2;705;1;705;4;705;3;705
;1;706;4;706;3;706;6;706;3;706;3;706;2;706;1;706;4;706;3;706
;1;707;4;707;3;707;6;707;3;707;3;707;2;707;1;707;4;707;3;707
;1;708;4;708;3;708;6;708;3;708;3;708;2;708;1;708;4;708;3;708
;1;709;4;709;3;709;6;709;3;709;3;709;2;709;1;709;4;709;3;709
;1;710;4;710;3;710;6;710;3;710;3;710;2;710;1;710;4;710;3;710
;1;711;4;711;3;711;6;711;3;711;3;711;2;711;1;711;4;711;3;711
;1;712;4;712;3;712;6;712;3;712;3;712;2;712;1;712;4;712;3;712
;1;713;4;713;3;713;6;713;3;713;3;713;2;713;1;713;4;713;3;713
;1;714;4;714;3;714;6;714;3;714;3;714;2;714;1;714;4;714;3;714
;1;715;4;715;3;715;6;715;3;715;3;715;2;715;1;715;4;715;3;715
;1;716;4;716;3;716;6;716;3;716;3;716;2;716;1;716;4;716;3;716
;1;717;4;717;3;717;6;717;3;717;3;717;2;717;1;717;4;717;3;717
;1;718;4;718;3;718;6;718;3;718;3;718;2;718;1;718;4;718;3;718
;1;719;4;719;3;719;6;719;3;719;3;719;2;719;1;719;4;719;3;719
;1;720;4;720;3;720;6;720;3;720;3;720;2;720;1;720;4;720;3;720
;1;721;4;721;3;721;6;721;3;721;3;721;2;721;1;721;4;721;3;721
;1;722;4;722;3;722;6;722;3;722;3;722;2;722;1;722;4;722;3;722
;1;723;4;723;3;723;6;723;3;723;3;723;2;723;1;723;4;723;3;723
;1;724;4;724;3;724;6;724;3;724;3;724;2;724;1;724;4;724;3;724
;1;725;4;725;3;725;6;725;3;725;3;725;2;725;1;725;4;725;3;725
;1;726;4;726;3;726;6;726;3;726;3;726;2;726;1;726;4;726;3;726
;1;727;4;727;3;727;6;727;3;727;3;727;2;727;1;727;4;727;3;727
;1;728;4;728;3;728;6;728;3;728;3;728;2;728;1;728;4;728;3;728
;1;729;4;729;3;729;6;729;3;729;3;729;2;729;1;729;4;729;3;729
;1;730;4;730;3;730;6;730;3;730;3;730;2;730;1;730;4;730;3;730
;1;731;4;731;3;731;6;731;3;731;3;731;2;731;1;731;4;731;3;731
;1;732;3;732;3;732;6;732;3;732;3;732;2;732;1;732;4;732;3;732
;1;733;3;733;3;733;6;733;3;733;3;733;2;733;1;733;4;733;3;733
;1;734;3;734;3;734;6;734;3;734;3;734;2;734;1;734;4;734;3;734
;1;735;3;735;3;735;6;735;3;735;3;735;2;735;1;735;4;735;3;735
;1;736;3;736;3;736;6;736;3;736;3;736;2;736;1;736;4;736;3;736
;1;737;3;737;3;737;6;737;3;737;3;737;2;737;1;737;4;737;3;737
;1;738;3;738;3;738;6;738;3;738;3;738;2;738;1;738;4;738;3;738
;1;739;3;739;3;739;6;739;3;739;3;739;2;739;1;739;4;739;3;739
;1;740;3;740;3;740;6;740;3;740;3;740;2;740;1;740;4;740;3;740
;1;741;3;741;3;741;6;741;3;741;3;741;2;741;1;741;4;741;3;741
;1;742;3;742;3;742;6;742;3;742;3;742;2;742;1;742;4;742;3;742
;1;743;3;743;3;743;6;743;3;743;3;743;2;743;1;743;4;743;3;743
;1;744;3;744;3;744;6;744;3;744;3;744;2;744;1;744;4;744;3;744
;1;745;3;745;3;745;6;745;3;745;3;745;2;745;1;745;4;745;2;745
;1;746;3;746;3;746;6;746;3;746;3;746;2;746;1;746;4;746;2;746
;1;747;3;747;3;747;6;747;3;747;3;747;2;747;1;747;4;747;2;747
;1;748;3;748;3;748;6;748;3;748;3;748;2;748;1;748;4;748;2;748
;1;749;3;749;3;749;6;749;3;749;3;749;2;749;1;749;4;749;2;749
;1;750;3;750;3;750;6;750;3;750;3;750;2;750;1;750;4;750;2;750
;1;751;3;751;3;751;6;751;3;751;3;751;2;751;1;751;4;751;2;751
;1;752;3;752;3;752;6;752;3;752;3;752;2;752;1;752;4;752;2;752
;1;753;3;753;3;753;6;753;3;753;3;753;2;753;1;753;4;753;2;753
;1;754;3;754;3;754;6;754;3;754;3;754;2;754;1;754;4;754;2;754
;1;755;3;755;3;755;6;755;3;755;3;755;2;755;1;755;4;755;2;755
;1;756;3;756;3;756;6;756;3;756;3;756;2;756;1;756;4;756;2;756
;1;757;3;757;3;757;6;757;3;757;3;757;2;757;1;757;4;757;2;757
;1;758;3;758;3;758;6;758;3;758;3;758;2;758;1;758;4;758;2;758
;1;759;3;759;3;759;6;759;3;759;3;759;2;759;1;759;4;759;2;759
;1;760;3;760;3;760;6;760;3;760;3;760;2;760;1;760;4;760;2;760
;1;761;3;761;3;761;6;761;3;761;3;761;2;761;1;761;4;761;2;761
;1;762;3;762;3;762;6;762;3;762;3;762;2;762;1;762;4;762;2;762
;1;763;3;763;3;763;6;763;3;763;3;763;2;763;1;763;4;763;2;763
;1;764;3;764;3;764;6;764;3;764;3;764;2;764;1;764;4;764;2;764
;1;765;3;765;3;765;6;765;3;765;3;765;2;765;1;765;4;765;2;765
;1;766;3;766;3;766;6;766;3;766;3;766;2;766;1;766;4;766;2;766
;1;767;3;767;3;767;6;767;3;767;3;767;2;767;1;767;4;767;2;767
;1;768;3;768;3;768;6;768;3;768;3;768;2;768;1;768;4;768;2;768
;1;769;3;769;3;769;6;769;3;769;3;769;2;769;1;769;4;769;2;769
;1;770;3;770;3;770;6;770;3;770;3;770;2;770;1;770;4;770;2;770
;1;771;3;771;3;771;6;771;3;771;3;771;2;771;1;771;4;771;2;771
;1;772;3;772;3;772;6;772;3;772;3;772;2;772;1;772;4;772;2;772
;1;773;3;773;3;773;6;773;3;773;3;773;2;773;1;773;4;773;2;773
;1;774;3;774;3;774;6;774;3;774;3;774;2;774;1;774;4;774;2;774
;1;775;3;775;3;775;6;775;3;775;3;775;2;775;1;775;4;775;2;775
;1;776;3;776;3;776;6;776;3;776;3;776;2;776;1;776;4;776;2;776
;1;777;3;777;3;777;6;777;3;777;3;777;2;777;1;777;4;777;2;777
;1;778;3;778;3;778;6;778;3;778;3;778;2;778;1;778;4;778;2;778
;1;779;3;779;3;779;6;779;3;779;3;779;2;779;1;779;4;779;2;779
;1;780;3;780;3;780;6;780;3;780;3;780;2;780;1;780;4;780;2;780
;1;781;3;781;3;781;6;781;3;781;3;781;2;781;1;781;4;781;2;781
;1;782;3;782;3;782;6;782;3;782;3;782;2;782;1;782;4;782;2;782
;1;783;3;783;3;783;6;783;3;783;3;783;2;783;1;783;4;783;2;783
;1;784;3;784;3;784;6;784;3;784;3;784;2;784;1;784;4;784;2;784
;1;785;3;785;3;785;6;785;3;785;3;785;2;785;1;785;4;785;2;785
;1;786;3;786;3;786;6;786;3;786;3;786;2;786;1;786;4;786;2;786
;1;787;3;787;3;787;6;787;3;787;3;787;2;787;1;787;4;787;2;787
;1;788;3;788;3;788;6;788;3;788;3;788;2;788;1;788;4;788;2;788
;1;789;3;789;3;789;6;789;3;789;3;789;2;789;1;789;4;789;2;789
;1;790;3;790;3;790;6;790;3;790;3;790;2;790;1;790;4;790;2;790
;1;791;3;791;3;791;6;791;3;791;3;791;2;791;1;791;4;791;2;791
;1;792;3;792;3;792;6;792;3;792;3;792;2;792;1;792;4;792;2;792
;1;793;3;793;3;793;6;793;3;793;3;793;2;793;1;793;4;793;2;793
;1;794;3;794;3;794;6;794;3;794;3;794;2;794;1;794;4;794;2;794
;1;795;3;795;3;795;6;795;3;795;3;795;2;795;1;795;4;795;2;795
;1;796;3;796;3;796;6;796;3;796;3;796;2;796;1;796;4;796;2;796
;1;797;3;797;3;797;6;797;3;797;3;797;2;797;1;797;4;797;2;797
;1;798;3;798;3;798;6;798;3;798;3;798;2;798;1;798;4;798;2;798
;1;799;3;799;3;799;6;799;3;799;3;799;2;799;1;799;4;799;2;799
;1;800;3;800;3;800;6;800;3;800;3;800;2;800;1;800;4;800;2;800
;1;801;3;801;3;801;6;801;3;801;3;801;2;801;1;801;4;801;2;801
;1;802;3;802;3;802;6;802;3;802;3;802;2;802;1;802;4;802;2;802
;1;803;3;803;3;803;6;803;3;803;3;803;2;803;1;803;4;803;2;803
;1;804;3;804;3;804;6;804;3;804;3;804;2;804;1;804;4;804;2;804
;1;805;3;805;3;805;6;805;3;805;3;805;2;805;1;805;4;805;2;805
;1;806;3;806;3;806;6;806;3;806;3;806;2;806;1;806;4;806;2;806
;1;807;3;807;3;807;6;807;3;807;3;807;2;807;1;807;4;807;2;807
;1;808;3;808;3;808;6;808;3;808;3;808;2;808;1;808;4;808;2;808
;1;809;3;809;3;809;6;809;3;809;3;809;2;809;1;809;4;809;2;809
;1;810;3;810;3;810;6;810;3;810;3;810;2;810;1;810;4;810;2;810
;1;811;3;811;3;811;6;811;3;811;3;811;2;811;1;811;4;811;2;811
;1;812;3;812;3;812;6;812;3;812;3;812;2;812;1;812;4;812;2;812
;1;813;3;813;3;813;6;813;3;813;3;813;2;813;1;813;4;813;2;813
;1;814;3;814;3;814;6;814;3;814;3;814;2;814;1;814;4;814;2;814
;1;815;3;815;3;815;6;815;3;815;3;815;2;815;1;815;4;815;2;815
;1;816;3;816;3;816;6;816;3;816;3;816;2;816;1;816;4;816;2;816
;1;817;3;817;3;817;6;817;3;817;3;817;2;817;1;817;4;817;2;817
;1;818;3;818;3;818;6;818;3;818;3;818;2;818;1;818;4;818;2;818
;1;819;3;819;3;819;6;819;3;819;3;819;2;819;1;819;4;819;2;819
;1;820;3;820;3;820;6;820;3;820;3;820;2;820;1;820;4;820;2;820
;1;821;3;821;3;821;6;821;3;821;3;821;2;821;1;821;4;821;2;821
;1;822;3;822;3;822;6;822;3;822;3;822;2;822;1;822;4;822;2;822
;1;823;3;823;3;823;6;823;3;823;3;823;2;823;1;823;4;823;2;823
;1;824;3;824;3;824;6;824;3;824;3;824;2;824;1;824;4;824;2;824
;1;825;3;825;3;825;6;825;3;825;3;825;2;825;1;825;4;825;2;825
;1;826;3;826;3;826;6;826;3;826;3;826;2;826;1;826;4;826;2;826
;1;827;3;827;3;827;6;827;3;827;3;827;2;827;1;827;4;827;2;827
;1;828;3;828;3;828;6;828;3;828;3;828;2;828;1;828;4;828;2;828
;1;829;3;829;3;829;6;829;3;829;3;829;2;829;1;829;4;829;2;829
;1;830;3;830;3;830;6;830;3;830;3;830;2;830;1;830;4;830;2;830
;1;831;3;831;3;831;6;831;3;831;3;831;2;831;1;831;4;831;2;831
;1;832;3;832;3;832;6;832;3;832;3;832;2;832;1;832;4;832;2;832
;1;833;3;833;3;833;6;833;3;833;3;833;2;833;1;833;4;833;2;833
;1;834;3;834;3;834;6;834;3;834;3;834;2;834;1;834;4;834;2;834
;1;835;3;835;3;835;6;835;3;835;3;835;2;835;1;835;4;835;2;835
;1;836;3;836;3;836;6;836;3;836;3;836;2;836;1;836;4;836;2;836
;1;837;3;837;3;837;6;837;3;837;3;837;2;837;1;837;4;837;2;837
;1;838;3;838;3;838;6;838;3;838;3;838;2;838;1;838;4;838;2;838
;1;839;3;839;3;839;6;839;3;839;3;839;2;839;1;839;4;839;2;839
;1;840;3;840;3;840;6;840;3;840;3;840;2;840;1;840;4;840;2;840
;1;841;3;841;3;841;6;841;3;841;3;841;2;841;1;841;4;841;2;841
;1;842;3;842;3;842;6;842;3;842;3;842;2;842;1;842;4;842;2;842
;1;843;3;843;3;843;6;843;3;843;3;843;2;843;1;843;4;843;2;843
;1;844;3;844;3;844;6;844;3;844;3;844;2;844;1;844;4;844;2;844
;1;845;3;845;3;845;6;845;3;845;3;845;2;845;1;845;4;845;2;845
;1;846;3;846;3;846;6;846;3;846;3;846;2;846;1;846;4;846;2;846
;1;847;3;847;3;847;6;847;3;847;3;847;2;847;1;847;4;847;2;847
;1;848;3;848;3;848;6;848;3;848;3;848;2;848;1;848;4;848;2;848
;1;849;3;849;3;849;6;849;3;849;3;849;2;849;1;849;4;849;2;849
;1;850;3;850;3;850;6;850;3;850;3;850;2;850;1;850;4;850;2;850
;1;851;3;851;3;851;6;851;3;851;3;851;2;851;1;851;4;851;2;851
;1;852;3;852;3;852;6;852;3;852;3;852;2;852;1;852;4;852;2;852
;1;853;3;853;3;853;6;853;3;853;3;853;2;853;1;853;4;853;2;853
;1;854;3;854;3;854;6;854;3;854;3;854;2;854;1;854;4;854;2;854
;1;855;3;855;3;855;6;855;3;855;3;855;2;855;1;855;4;855;2;855
;1;856;3;856;3;856;6;856;3;856;3;856;2;856;1;856;4;856;2;856
;1;857;3;857;3;857;6;857;3;857;3;857;2;857;1;857;4;857;2;857
;1;858;3;858;3;858;6;858;3;858;3;858;2;858;1;858;4;858;2;858
;1;859;3;859;3;859;6;859;3;859;3;859;2;859;1;859;4;859;2;859
;1;860;3;860;3;860;6;860;3;860;3;860;2;860;1;860;4;860;2;860
;1;861;3;861;3;861;6;861;3;861;3;861;2;861;1;861;4;861;2;861
;1;862;3;862;3;862;6;862;3;862;3;862;2;862;1;862;4;862;2;862
;1;863;3;863;3;863;6;863;3;863;3;863;2;863;1;863;4;863;2;863
;1;864;3;864;3;864;6;864;3;864;3;864;2;864;1;864;4;864;2;864
;1;865;3;865;3;865;6;865;3;865;3;865;2;865;1;865;4;865;2;865
;1;866;3;866;3;866;6;866;3;866;3;866;2;866;1;866;4;866;2;866
;1;867;3;867;3;867;6;867;3;867;3;867;2;867;1;867;4;867;2;867
;1;868;3;868;3;868;6;868;3;868;3;868;2;868;1;868;4;868;2;868
;1;869;3;869;3;869;6;869;3;869;3;869;2;869;1;869;4;869;2;869
;1;870;3;870;3;870;6;870;3;870;3;870;2;870;1;870;4;870;2;870
;1;871;3;871;3;871;6;871;3;871;3;871;2;871;1;871;4;871;2;871
;1;872;3;872;3;872;6;872;3;872;2;872;2;872;1;872;4;872;2;872
;1;873;3;873;3;873;6;873;3;873;2;873;2;873;1;873;4;873;2;873
;1;874;3;874;3;874;6;874;3;874;2;874;2;874;1;874;4;874;2;874
;1;875;3;875;3;875;6;875;3;875;2;875;2;875;1;875;4;875;2;875
;1;876;3;876;3;876;6;876;3;876;2;876;2;876;1;876;4;876;2;876
;1;877;3;877;3;877;6;877;3;877;2;877;2;877;1;877;4;877;2;877
;1;878;3;878;3;878;6;878;3;878;2;878;2;878;1;878;4;878;2;878
;1;879;3;879;3;879;6;879;3;879;2;879;2;879;1;879;4;879;2;879
;1;880;3;880;3;880;6;880;3;880;2;880;2;880;1;880;4;880;2;880
;1;881;3;881;3;881;6;881;3;881;2;881;2;881;1;881;4;881;2;881
;1;882;3;882;3;882;6;882;3;882;2;882;2;882;1;882;4;882;2;882
;1;883;3;883;3;883;6;883;3;883;2;883;2;883;1;883;4;883;2;883
;1;884;3;884;3;884;6;884;3;884;2;884;2;884;1;884;4;884;2;884
;1;885;3;885;3;885;6;885;3;885;2;885;2;885;1;885;4;885;2;885
;1;886;3;886;3;886;6;886;3;886;2;886;2;886;1;886;4;886;2;886
;1;887;3;887;3;887;6;887;3;887;2;887;2;887;1;887;4;887;2;887
;1;888;3;888;3;888;6;888;3;888;2;888;2;888;1;888;4;888;2;888
;1;889;3;889;3;889;6;889;3;889;2;889;2;889;1;889;4;889;2;889
;1;890;3;890;3;890;6;890;3;890;2;890;2;890;1;890;4;890;2;890
;1;891;3;891;3;891;6;891;3;891;2;891;2;891;1;891;4;891;2;891
;1;892;3;892;3;892;6;892;3;892;2;892;2;892;1;892;4;892;2;892
;1;893;3;893;3;893;6;893;3;893;2;893;2;893;1;893;4;893;2;893
;1;894;3;894;3;894;6;894;3;894;2;894;2;894;1;894;4;894;2;894
;1;895;3;895;3;895;6;895;3;895;2;895;2;895;1;895;4;895;2;895
;1;896;3;896;3;896;6;896;3;896;2;896;2;896;1;896;4;896;2;896
;1;897;3;897;3;897;6;897;3;897;2;897;2;897;1;897;4;897;2;897
;1;898;3;898;3;898;6;898;3;898;2;898;2;898;1;898;4;898;2;898
;1;899;3;899;3;899;6;899;3;899;2;899;2;899;1;899;4;899;2;899
;1;900;3;900;3;900;6;900;3;900;2;900;2;900;1;900;4;900;2;900
;1;901;3;901;3;901;6;901;3;901;2;901;2;901;1;901;4;901;2;901
;1;902;3;902;3;902;6;902;3;902;2;902;2;902;1;902;4;902;2;902
;1;903;3;903;3;903;6;903;3;903;2;903;2;903;1;903;4;903;2;903
;1;904;3;904;3;904;6;904;3;904;2;904;2;904;1;904;4;904;2;904
;1;905;3;905;3;905;6;905;3;905;2;905;2;905;1;905;4;905;2;905
;1;906;3;906;3;906;6;906;3;906;2;906;2;906;1;906;4;906;2;906
;1;907;3;907;3;907;6;907;3;907;2;907;2;907;1;907;4;907;2;907
;1;908;3;908;3;908;6;908;3;908;2;908;2;908;1;908;4;908;2;908
;1;909;3;909;3;909;6;909;3;909;2;909;2;909;1;909;4;909;2;909
;1;910;3;910;3;910;6;910;3;910;2;910;2;910;1;910;4;910;2;910
;1;911;3;911;3;911;6;911;3;911;2;911;2;911;1;911;4;911;2;911
;1;912;3;912;3;912;6;912;3;912;2;912;2;912;1;912;4;912;2;912
;1;913;3;913;3;913;6;913;3;913;2;913;2;913;1;913;4;913;2;913
;1;914;3;914;3;914;6;914;3;914;2;914;2;914;1;914;4;914;2;914
;1;915;3;915;3;915;6;915;3;915;2;915;2;915;1;915;4;915;2;915
;1;916;3;916;3;916;6;916;3;916;2;916;2;916;1;916;4;916;2;916
;1;917;3;917;3;917;6;917;3;917;2;917;2;917;1;917;4;917;2;917
;1;918;3;918;3;918;6;918;3;918;2;918;2;918;1;918;4;918;2;918
;1;919;3;919;3;919;6;919;3;919;2;919;2;919;1;919;4;919;2;919
;1;920;3;920;3;920;6;920;3;920;2;920;2;920;1;920;4;920;2;920
;1;921;3;921;3;921;6;921;3;921;2;921;2;921;1;921;4;921;2;921
;1;922;3;922;3;922;6;922;3;922;2;922;2;922;1;922;4;922;2;922
;1;923;3;923;3;923;6;923;3;923;2;923;2;923;1;923;4;923;2;923
;1;924;3;924;3;924;6;924;3;924;2;924;2;924;1;924;4;924;2;924
;1;925;3;925;3;925;6;925;3;925;2;925;2;925;1;925;4;925;2;925
;1;926;3;926;3;926;6;926;3;926;2;926;2;926;1;926;4;926;2;926
;1;927;3;927;3;927;6;927;3;927;2;927;2;927;1;927;4;927;2;927
;1;928;3;928;3;928;6;928;3;928;2;928;2;928;1;928;4;928;2;928
;1;929;3;929;3;929;6;929;3;929;2;929;2;929;1;929;4;929;2;929
;1;930;3;930;3;930;6;930;3;930;2;930;2;930;1;930;4;930;2;930
;1;931;3;931;3;931;6;931;3;931;2;931;2;931;1;931;4;931;2;931
;1;932;3;932;3;932;6;932;3;932;2;932;2;932;1;932;4;932;2;932
;1;933;3;933;3;933;6;933;3;933;2;933;2;933;1;933;4;933;2;933
;1;934;3;934;3;934;6;934;3;934;2;934;2;934;1;934;4;934;2;934
;1;935;3;935;3;935;6;935;3;935;2;935;2;935;1;935;4;935;2;935
;1;936;3;936;3;936;6;936;3;936;2;936;2;936;1;936;4;936;2;936
;1;937;3;937;3;937;6;937;3;937;2;937;2;937;1;937;4;937;2;937
;1;938;3;938;3;938;6;938;3;938;2;938;2;938;1;938;4;938;2;938
;1;939;3;939;3;939;6;939;3;939;2;939;2;939;1;939;4;939;2;939
;1;940;3;940;3;940;6;940;3;940;2;940;2;940;1;940;4;940;2;940
;1;941;3;941;3;941;6;941;3;941;2;941;2;941;1;941;4;941;2;941
;1;942;3;942;3;942;6;942;3;942;2;942;2;942;1;942;4;942;2;942
;1;943;3;943;3;943;6;943;3;943;2;943;2;943;1;943;4;943;2;943
;1;944;3;944;3;944;6;944;3;944;2;944;2;944;1;944;4;944;2;944
;1;945;3;945;3;945;6;945;3;945;2;945;2;945;1;945;4;945;2;945
;1;946;3;946;3;946;6;946;3;946;2;946;2;946;1;946;4;946;2;946
;1;947;3;947;3;947;6;947;3;947;2;947;2;947;1;947;4;947;2;947
;1;948;3;948;3;948;6;948;3;948;2;948;2;948;1;948;4;948;2;948
;1;949;3;949;3;949;6;949;3;949;2;949;2;949;1;949;4;949;2;949
;1;950;3;950;3;950;6;950;3;950;2;950;2;950;1;950;4;950;2;950
;1;951;3;951;3;951;6;951;3;951;2;951;2;951;1;951;4;951;2;951
;1;952;3;952;3;952;6;952;3;952;2;952;2;952;1;952;4;952;2;952
;1;953;3;953;3;953;6;953;3;953;2;953;2;953;1;953;4;953;2;953
;1;954;3;954;3;954;6;954;3;954;2;954;2;954;1;954;4;954;2;954
;1;955;3;955;3;955;6;955;3;955;2;955;2;955;1;955;4;955;2;955
;1;956;3;956;3;956;6;956;3;956;2;956;2;956;1;956;4;956;2;956
;1;957;3;957;3;957;6;957;3;957;2;957;2;957;1;957;4;957;2;957
;1;958;3;958;3;958;6;958;3;958;2;958;2;958;1;958;4;958;2;958
;1;959;3;959;3;959;6;959;3;959;2;959;2;959;1;959;4;959;2;959
;1;960;3;960;3;960;6;960;3;960;2;960;2;960;1;960;4;960;2;960
;1;961;3;961;3;961;6;961;3;961;2;961;2;961;1;961;4;961;2;961
;1;962;3;962;3;962;6;962;3;962;2;962;2;962;1;962;4;962;2;962
;1;963;3;963;3;963;6;963;3;963;2;963;2;963;1;963;4;963;2;963
;1;964;3;964;3;964;6;964;3;964;2;964;2;964;1;964;4;964;2;964
;1;965;3;965;3;965;6;965;3;965;2;965;2;965;1;965;4;965;2;965
;1;966;3;966;3;966;6;966;3;966;2;966;2;966;1;966;4;966;2;966
;1;967;3;967;3;967;6;967;3;967;2;967;2;967;1;967;4;967;2;967
;1;968;3;968;3;968;6;968;3;968;2;968;2;968;1;968;4;968;2;968
;1;969;3;969;3;969;6;969;3;969;2;969;2;969;1;969;4;969;2;969
;1;970;3;970;3;970;6;970;3;970;2;970;2;970;1;970;4;970;2;970
;1;971;3;971;3;971;6;971;3;971;2;971;2;971;1;971;4;971;2;971
;1;972;3;972;3;972;6;972;3;972;2;972;2;972;1;972;4;972;2;972
;1;973;3;973;3;973;6;973;3;973;2;973;2;973;1;973;4;973;2;973
;1;974;3;974;3;974;6;974;3;974;2;974;2;974;1;974;4;974;2;974
;1;975;3;975;3;975;6;975;3;975;2;975;2;975;1;975;4;975;2;975
;1;976;3;976;3;976;6;976;3;976;2;976;2;976;1;976;4;976;2;976
;1;977;3;977;3;977;6;977;3;977;2;977;2;977;1;977;4;977;2;977
;1;978;3;978;3;978;6;978;3;978;2;978;2;978;1;978;4;978;2;978
;1;979;3;979;3;979;6;979;3;979;2;979;2;979;1;979;4;979;2;979
;1;980;3;980;3;980;6;980;3;980;2;980;2;980;1;980;4;980;2;980
;1;981;3;981;3;981;6;981;3;981;2;981;2;981;1;981;4;981;2;981
;1;982;3;982;3;982;6;982;3;982;2;982;2;982;1;982;4;982;2;982
;1;983;3;983;3;983;6;983;3;983;2;983;2;983;1;983;4;983;2;983
;1;984;3;984;3;984;6;984;3;984;2;984;2;984;1;984;4;984;2;984
;1;985;3;985;3;985;6;985;3;985;2;985;2;985;1;985;4;985;2;985
;1;986;3;986;3;986;6;986;3;986;2;986;2;986;0;986;4;986;2;986
;1;987;3;987;3;987;6;987;3;987;2;987;2;987;0;987;4;987;2;987
;1;988;3;988;3;988;6;988;3;988;2;988;2;988;0;988;4;988;2;988
;1;989;3;989;3;989;6;989;3;989;2;989;2;989;0;989;4;989;2;989
;1;990;3;990;3;990;6;990;3;990;2;990;2;990;0;990;4;990;2;990
;1;991;3;991;3;991;6;991;3;991;2;991;2;991;0;991;4;991;2;991
;1;992;3;992;3;992;6;992;3;992;2;992;2;992;0;992;4;992;2;992
;1;993;3;993;3;993;6;993;3;993;2;993;2;993;0;993;4;993;2;993
;1;994;3;994;3;994;6;994;3;994;2;994;2;994;0;994;4;994;2;994
;1;995;3;995;3;995;6;995;3;995;2;995;2;995;0;995;4;995;2;995
;1;996;3;996;3;996;6;996;3;996;2;996;2;996;0;996;4;996;2;996
;1;997;3;997;3;997;6;997;3;997;2;997;2;997;0;997;4;997;2;997
;1;998;3;998;3;998;6;998;3;998;2;998;2;998;0;998;4;998;2;998
;1;999;3;999;3;999;6;999;3;999;2;999;2;999;0;999;4;999;2;999
;1;1000;3;1000;3;1000;6;1000;3;1000;2;1000;2;1000;0;1000;4;1000;2;1000
